"date","temp"
"01-1920",40.6
"02-1920",40.8
"03-1920",44.4
"04-1920",46.7
"05-1920",54.1
"06-1920",58.5
"07-1920",57.7
"08-1920",56.4
"09-1920",54.3
"10-1920",50.5
"11-1920",42.9
"12-1920",39.8
"01-1921",44.2
"02-1921",39.8
"03-1921",45.1
"04-1921",47
"05-1921",54.1
"06-1921",58.7
"07-1921",66.3
"08-1921",59.9
"09-1921",57
"10-1921",54.2
"11-1921",39.7
"12-1921",42.8
"01-1922",37.5
"02-1922",38.7
"03-1922",39.5
"04-1922",42.1
"05-1922",55.7
"06-1922",57.8
"07-1922",56.8
"08-1922",54.3
"09-1922",54.3
"10-1922",47.1
"11-1922",41.8
"12-1922",41.7
"01-1923",41.8
"02-1923",40.1
"03-1923",42.9
"04-1923",45.8
"05-1923",49.2
"06-1923",52.7
"07-1923",64.2
"08-1923",59.6
"09-1923",54.4
"10-1923",49.2
"11-1923",36.3
"12-1923",37.6
"01-1924",39.3
"02-1924",37.5
"03-1924",38.3
"04-1924",45.5
"05-1924",53.2
"06-1924",57.7
"07-1924",60.8
"08-1924",58.2
"09-1924",56.4
"10-1924",49.8
"11-1924",44.4
"12-1924",43.6
"01-1925",40
"02-1925",40.5
"03-1925",40.8
"04-1925",45.1
"05-1925",53.8
"06-1925",59.4
"07-1925",63.5
"08-1925",61
"09-1925",53
"10-1925",50
"11-1925",38.1
"12-1925",36.3
"01-1926",39.2
"02-1926",43.4
"03-1926",43.4
"04-1926",48.9
"05-1926",50.6
"06-1926",56.8
"07-1926",62.5
"08-1926",62
"09-1926",57.5
"10-1926",46.7
"11-1926",41.6
"12-1926",39.8
"01-1927",39.4
"02-1927",38.5
"03-1927",45.3
"04-1927",47.1
"05-1927",51.7
"06-1927",55
"07-1927",60.4
"08-1927",60.5
"09-1927",54.7
"10-1927",50.3
"11-1927",42.3
"12-1927",35.2
"01-1928",40.8
"02-1928",41.1
"03-1928",42.8
"04-1928",47.3
"05-1928",50.9
"06-1928",56.4
"07-1928",62.2
"08-1928",60.5
"09-1928",55.4
"10-1928",50.2
"11-1928",43
"12-1928",37.3
"01-1929",34.8
"02-1929",31.3
"03-1929",41
"04-1929",43.9
"05-1929",53.1
"06-1929",56.9
"07-1929",62.5
"08-1929",60.3
"09-1929",59.8
"10-1929",49.2
"11-1929",42.9
"12-1929",41.9
"01-1930",41.6
"02-1930",37.1
"03-1930",41.2
"04-1930",46.9
"05-1930",51.2
"06-1930",60.4
"07-1930",60.1
"08-1930",61.6
"09-1930",57
"10-1930",50.9
"11-1930",43
"12-1930",38.8
"01-1931",37.1
"02-1931",38.4
"03-1931",38.4
"04-1931",46.5
"05-1931",53.5
"06-1931",58.4
"07-1931",60.6
"08-1931",58.2
"09-1931",53.8
"10-1931",46.6
"11-1931",45.5
"12-1931",40.6
"01-1932",42.4
"02-1932",38.4
"03-1932",40.3
"04-1932",44.6
"05-1932",50.9
"06-1932",57
"07-1932",62.1
"08-1932",63.5
"09-1932",56.3
"10-1932",47.3
"11-1932",43.6
"12-1932",41.8
"01-1933",36.2
"02-1933",39.3
"03-1933",44.5
"04-1933",48.7
"05-1933",54.2
"06-1933",60.8
"07-1933",65.5
"08-1933",64.9
"09-1933",60.1
"10-1933",50.2
"11-1933",42.1
"12-1933",35.8
"01-1934",39.4
"02-1934",38.2
"03-1934",40.4
"04-1934",46.9
"05-1934",53.4
"06-1934",59.6
"07-1934",66.5
"08-1934",60.4
"09-1934",59.2
"10-1934",51.2
"11-1934",42.8
"12-1934",45.8
"01-1935",40
"02-1935",42.6
"03-1935",43.5
"04-1935",47.1
"05-1935",50
"06-1935",60.5
"07-1935",64.6
"08-1935",64
"09-1935",56.8
"10-1935",48.6
"11-1935",44.2
"12-1935",36.4
"01-1936",37.3
"02-1936",35
"03-1936",44
"04-1936",43.9
"05-1936",52.7
"06-1936",58.6
"07-1936",60
"08-1936",61.1
"09-1936",58.1
"10-1936",49.6
"11-1936",41.6
"12-1936",41.3
"01-1937",40.8
"02-1937",41
"03-1937",38.4
"04-1937",47.4
"05-1937",54.1
"06-1937",58.6
"07-1937",61.4
"08-1937",61.8
"09-1937",56.3
"10-1937",50.9
"11-1937",41.4
"12-1937",37.1
"01-1938",42.1
"02-1938",41.2
"03-1938",47.3
"04-1938",46.6
"05-1938",52.4
"06-1938",59
"07-1938",59.6
"08-1938",60.4
"09-1938",57
"10-1938",50.7
"11-1938",47.8
"12-1938",39.2
"01-1939",39.4
"02-1939",40.9
"03-1939",42.4
"04-1939",47.8
"05-1939",52.4
"06-1939",58
"07-1939",60.7
"08-1939",61.8
"09-1939",58.2
"10-1939",46.7
"11-1939",46.6
"12-1939",37.8
